locus	alleles	qual	filters	vartype	transcript_consequence	protein_consequence	aa_num	aa_change	FS	MQRankSum	InbreedingCoeff	ReadPosRankSum	VQSLOD	QD	DP	BaseQRankSum	MQ	ClippingRankSum	rf_tp_probability	pab_max	AC	AN	non_neuro_AC	non_neuro_AN	non_topmed_AC	non_topmed_AN	controls_AC	controls_AN
9:140033939	["A","T"]	4.5241e+02	[]	start_lost	ENST00000371561.3:c.1A>T	ENSP00000360616.3:p.Met1?	1	M/L	0.0000e+00	1.6700e-01	1.3900e-02	2.3100e-01	1.3170e+01	9.2300e+00	544675	2.7000e+00	6.0000e+01	1.5000e+00	9.5409e-01	[0.845019]	1	31144	0	21102	1	26344	1	10728
9:140033961	["C","A"]	4.8447e+02	[]	missense_variant	ENST00000371561.3:c.23C>A	ENSP00000360616.3:p.Thr8Lys	8	T/K	0.0000e+00	-2.0600e-01	6.0000e-04	-3.9300e-01	1.2210e+01	1.4680e+01	555515	9.9200e-01	6.0000e+01	-7.3000e-01	8.2076e-01	[0.162756]	1	31256	1	21196	0	26450	0	10812
9:140034004	["C","T"]	1.2171e+03	[]	synonymous_variant	ENST00000371561.3:c.66C>T	ENST00000371561.3:c.66C>T(p.%3D)	22	C	4.7500e+00	-4.3000e-01	1.4000e-03	1.0600e-01	1.5310e+01	1.1700e+01	575261	2.6000e+00	6.0000e+01	-1.1300e+00	9.3779e-01	[0.855536]	3	31320	1	21214	3	26512	1	10832
9:140034021	["A","T"]	3.0546e+02	[]	missense_variant	ENST00000371561.3:c.83A>T	ENSP00000360616.3:p.Asn28Ile	28	N/I	0.0000e+00	-8.4900e-01	9.0000e-04	3.6400e-01	1.3280e+01	1.1310e+01	592798	9.4600e-01	6.0000e+01	-8.4900e-01	8.6513e-01	[1.0]	1	31338	1	21222	1	26532	0	10842
9:140034043	["G","A"]	8.5704e+02	[]	synonymous_variant	ENST00000371561.3:c.105G>A	ENST00000371561.3:c.105G>A(p.%3D)	35	T	0.0000e+00	-5.5500e-01	0.0000e+00	4.6500e-01	1.4130e+01	9.7400e+00	589637	1.6300e+00	6.0000e+01	1.7600e-01	9.4748e-01	[1.0]	4	31324	1	21214	4	26518	1	10838
9:140034064	["C","T"]	1.7646e+02	[]	synonymous_variant	ENST00000371561.3:c.126C>T	ENST00000371561.3:c.126C>T(p.%3D)	42	F	0.0000e+00	-5.3100e-01	6.0000e-04	-2.8600e-01	1.3110e+01	9.2900e+00	593044	-4.1000e-02	6.0000e+01	-3.6700e-01	9.2491e-01	[1.0]	1	31346	1	21228	1	26542	1	10852
9:140034074	["G","A"]	3.1446e+02	[]	missense_variant	ENST00000371561.3:c.136G>A	ENSP00000360616.3:p.Val46Met	46	V/M	0.0000e+00	-1.6500e+00	1.0000e-03	1.4200e+00	1.2710e+01	6.9900e+00	597991	1.5800e+00	6.0000e+01	-1.5200e-01	7.3260e-01	[0.135156]	1	31364	0	21238	1	26558	0	10858
9:140034090	["A","G"]	1.1181e+03	[]	missense_variant	ENST00000371561.3:c.152A>G	ENSP00000360616.3:p.Lys51Arg	51	K/R	1.6780e+00	-6.1000e-01	4.0000e-04	5.9200e-01	1.3720e+01	1.0650e+01	597835	3.7900e-01	6.0000e+01	2.4000e-02	8.8977e-01	[0.451381]	1	31358	1	21226	1	26554	1	10844
9:140034094	["G","A"]	4.9946e+02	[]	synonymous_variant	ENST00000371561.3:c.156G>A	ENST00000371561.3:c.156G>A(p.%3D)	52	R	1.6370e+00	-7.8800e-01	9.0000e-04	1.2700e-01	1.3280e+01	1.7840e+01	596490	-2.5000e-02	6.0000e+01	1.0400e+00	6.9451e-01	[0.0356981]	1	31352	0	21224	1	26548	0	10844
9:140034097	["C","T"]	2.9346e+02	[]	synonymous_variant	ENST00000371561.3:c.159C>T	ENST00000371561.3:c.159C>T(p.%3D)	53	H	1.6850e+00	-4.3900e-01	8.0000e-04	6.1500e-01	1.4460e+01	1.2230e+01	595026	1.8400e+00	6.0000e+01	-4.3900e-01	8.4312e-01	[0.541256]	1	31360	0	21234	1	26556	0	10852
9:140034175	["C","T"]	1.5647e+02	[]	synonymous_variant	ENST00000371561.3:c.237C>T	ENST00000371561.3:c.237C>T(p.%3D)	79	C	2.7710e+00	4.7700e-01	8.0000e-04	5.2700e-01	1.4130e+01	5.8000e+00	611243	1.4300e+00	6.0000e+01	5.0100e-01	2.8939e-01	[0.247789]	1	31366	1	21236	1	26560	1	10856
9:140034184	["C","T"]	6.9609e+02	[]	synonymous_variant	ENST00000371561.3:c.246C>T	ENST00000371561.3:c.246C>T(p.%3D)	82	L	6.0200e+00	4.5500e-01	6.0000e-04	-8.0000e-02	1.5570e+01	8.8100e+00	618234	1.3500e+00	6.0000e+01	-1.0500e-01	8.4159e-01	[0.823803]	3	31372	3	21236	3	26566	2	10854
9:140036473	["CA","C"]	2.6146e+02	[]	frameshift_variant	ENST00000371561.3:c.268delA	ENSP00000360616.3:p.Ile90SerfsTer2	90	I/X	0.0000e+00	-3.2600e-01	1.0000e-04	1.7300e+00	-2.9570e+00	9.6800e+00	675831	3.9400e+00	6.0000e+01	7.7800e-01	8.1209e-01	[0.247789]	1	31374	1	21238	1	26574	0	10866
9:140036488	["T","C"]	1.2746e+02	[]	synonymous_variant	ENST00000371561.3:c.282T>C	ENST00000371561.3:c.282T>C(p.%3D)	94	H	1.9220e+00	9.6600e-01	-1.0000e-04	5.4200e-01	1.2040e+01	4.4000e+00	680863	1.6500e-01	6.0000e+01	-1.5790e+00	2.7162e-01	[0.0614283]	1	31362	0	21232	1	26560	0	10860
9:140036509	["C","T"]	3.5046e+02	[]	synonymous_variant	ENST00000371561.3:c.303C>T	ENST00000371561.3:c.303C>T(p.%3D)	101	H	0.0000e+00	1.1200e-01	3.0000e-04	-1.5060e+00	1.2710e+01	1.2080e+01	677903	-5.1700e-01	6.0000e+01	-6.5200e-01	7.5690e-01	[0.264931]	1	31382	0	21242	1	26580	0	10866
9:140036549	["C","T"]	3.2146e+02	[]	missense_variant	ENST00000371561.3:c.343C>T	ENSP00000360616.3:p.Arg115Cys	115	R/C	1.2640e+00	-1.4000e+00	2.7000e-03	1.2900e+00	1.2460e+01	8.2400e+00	684850	3.1300e+00	6.0000e+01	-3.3200e-01	7.6452e-01	[0.199591]	1	31398	1	21258	1	26594	1	10876
9:140036550	["G","A"]	2.3246e+02	[]	missense_variant	ENST00000371561.3:c.344G>A	ENSP00000360616.3:p.Arg115His	115	R/H	1.2601e+01	0.0000e+00	1.2700e-02	4.6700e-01	1.3540e+01	1.6600e+01	682518	1.4000e+00	6.0000e+01	-7.7800e-01	5.4946e-01	[0.057373]	1	31388	1	21246	1	26586	1	10872
9:140036557	["C","A"]	2.0746e+02	[]	synonymous_variant	ENST00000371561.3:c.351C>A	ENST00000371561.3:c.351C>A(p.%3D)	117	P	1.8290e+00	-1.0960e+00	6.0000e-04	5.6700e-01	1.3290e+01	1.0370e+01	682945	2.4600e+00	6.0000e+01	-1.3980e+00	8.5887e-01	[1.0]	1	31386	1	21248	1	26582	1	10872
9:140036566	["G","A"]	1.6146e+02	[]	synonymous_variant	ENST00000371561.3:c.360G>A	ENST00000371561.3:c.360G>A(p.%3D)	120	G	7.5740e+00	-6.0800e-01	1.4000e-03	1.5200e-01	1.3360e+01	8.0700e+00	681063	-1.5200e-01	6.0000e+01	-3.0400e-01	8.3584e-01	[0.823803]	1	31376	0	21236	1	26574	0	10860
9:140036593	["G","C"]	1.0634e+03	[]	synonymous_variant	ENST00000371561.3:c.387G>C	ENST00000371561.3:c.387G>C(p.%3D)	129	S	1.1647e+01	-1.8000e-02	8.3000e-03	9.5500e-01	1.4610e+01	1.0960e+01	688796	1.6200e-01	6.0000e+01	9.5500e-01	8.6957e-01	[1.0]	1	31378	0	21246	1	26574	0	10868
9:140040187	["C","T"]	2.5841e+03	[]	synonymous_variant	ENST00000371561.3:c.403C>T	ENST00000371561.3:c.403C>T(p.%3D)	135	L	1.1440e+00	-1.0770e+00	1.3000e-03	2.5400e-01	1.4350e+01	1.3670e+01	653960	3.8000e-01	6.0000e+01	5.6200e-01	8.6154e-01	[1.0]	7	31292	4	21210	7	26508	5	10850
9:140040204	["C","T"]	5.6447e+02	[]	synonymous_variant	ENST00000371561.3:c.420C>T	ENST00000371561.3:c.420C>T(p.%3D)	140	T	6.3690e+00	-1.7000e-01	2.6000e-03	-1.5550e+00	-6.9190e+00	1.2540e+01	650611	1.1000e+00	5.7190e+01	-1.0560e+00	7.1454e-01	[1.0]	1	31310	0	21220	1	26524	0	10856
9:140040250	["C","T"]	1.9246e+02	[]	missense_variant	ENST00000371561.3:c.466C>T	ENSP00000360616.3:p.Arg156Cys	156	R/C	1.4510e+00	-5.9900e-01	1.2000e-03	1.2600e+00	1.3760e+01	6.2100e+00	663143	4.3400e-01	6.0000e+01	-1.8600e-01	2.7088e-01	[0.149613]	1	31328	1	21224	1	26538	0	10860
9:140040251	["G","A"]	1.4747e+02	[]	missense_variant	ENST00000371561.3:c.467G>A	ENSP00000360616.3:p.Arg156His	156	R/H	1.9840e+00	3.7200e-01	5.0000e-04	7.8400e-01	1.3230e+01	7.7600e+00	663428	2.9300e+00	6.0000e+01	4.1000e-02	6.5345e-01	[0.647606]	1	31334	0	21230	1	26544	0	10866
9:140040288	["C","T"]	1.9146e+02	[]	synonymous_variant	ENST00000371561.3:c.504C>T	ENST00000371561.3:c.504C>T(p.%3D)	168	S	0.0000e+00	6.1200e-01	9.0000e-04	-3.6700e-01	1.3800e+01	1.0080e+01	658492	1.5900e+00	6.0000e+01	-6.9400e-01	9.3356e-01	[1.0]	1	31328	1	21220	1	26540	1	10858
9:140040291	["C","T"]	3.1246e+02	[]	synonymous_variant	ENST00000371561.3:c.507C>T	ENST00000371561.3:c.507C>T(p.%3D)	169	D	3.3150e+00	6.5000e-02	1.1000e-03	5.8900e-01	1.5490e+01	1.0770e+01	658223	3.3800e+00	6.0000e+01	-5.8900e-01	9.6855e-01	[1.0]	1	31332	1	21226	1	26540	1	10862
9:140040297	["C","T"]	5.6210e+02	[]	synonymous_variant	ENST00000371561.3:c.513C>T	ENST00000371561.3:c.513C>T(p.%3D)	171	H	9.8400e-01	-2.8900e-01	4.0000e-04	-2.8900e-01	1.4510e+01	9.0700e+00	658845	2.6100e+00	6.0000e+01	-4.1600e-01	9.3675e-01	[1.0]	3	31326	1	21220	3	26536	1	10856
9:140040308	["C","T"]	7.6540e+02	[]	missense_variant	ENST00000371561.3:c.524C>T	ENSP00000360616.3:p.Ala175Val	175	A/V	8.4800e-01	-3.9000e-02	5.0000e-04	8.0900e-01	1.5390e+01	1.0070e+01	659869	2.2900e+00	6.0000e+01	2.1500e-01	9.6665e-01	[1.0]	2	31312	2	21204	2	26524	2	10840
9:140040309	["G","A"]	2.3408e+04	[]	synonymous_variant	ENST00000371561.3:c.525G>A	ENST00000371561.3:c.525G>A(p.%3D)	175	A	5.2300e-01	1.1600e-01	-1.7000e-03	3.8600e-01	1.8230e+01	1.1420e+01	661179	2.1300e+00	6.0000e+01	6.7000e-02	9.7072e-01	[1.0]	52	31312	20	21208	51	26524	20	10844
9:140040330	["G","A"]	6.8540e+02	[]	synonymous_variant	ENST00000371561.3:c.546G>A	ENST00000371561.3:c.546G>A(p.%3D)	182	T	2.4980e+00	5.7100e-01	8.0000e-04	-3.5400e-01	1.5040e+01	1.3990e+01	655214	2.2700e+00	6.0000e+01	6.2600e-01	8.2700e-01	[1.0]	2	31318	1	21206	2	26528	0	10844
9:140040354	["G","A"]	4.4747e+02	[]	synonymous_variant	ENST00000371561.3:c.570G>A	ENST00000371561.3:c.570G>A(p.%3D)	190	K	9.7280e+00	-1.3850e+00	9.3000e-03	1.3200e+00	1.4380e+01	1.2430e+01	652390	-7.8000e-01	6.0000e+01	-5.5700e-01	8.3764e-01	[0.617719]	1	31314	1	21214	1	26526	1	10852
9:140043463	["A","C"]	2.7446e+02	[]	synonymous_variant	ENST00000371561.3:c.573A>C	ENST00000371561.3:c.573A>C(p.%3D)	191	A	3.4730e+00	-1.3800e-01	5.0000e-04	1.8000e+00	1.4140e+01	9.8000e+00	669474	-1.0130e+00	6.0000e+01	-4.6100e-01	9.5047e-01	[0.850554]	1	31402	1	21260	1	26594	1	10872
9:140043492	["C","T"]	1.8646e+02	[]	missense_variant	ENST00000371561.3:c.602C>T	ENSP00000360616.3:p.Thr201Ile	201	T/I	9.6160e+00	7.1200e-01	2.0000e-04	8.7000e-01	1.3370e+01	7.1700e+00	666898	5.5300e-01	6.0000e+01	1.5600e+00	3.2841e-01	[0.32694]	1	31410	1	21268	1	26602	1	10880
9:140043500	["G","A"]	7.8309e+02	[]	missense_variant	ENST00000371561.3:c.610G>A	ENSP00000360616.3:p.Val204Met	204	V/M	0.0000e+00	-4.6100e-01	0.0000e+00	3.8000e-01	1.4800e+01	9.6700e+00	665404	3.8300e+00	6.0000e+01	-6.4400e-01	9.5132e-01	[1.0]	2	31400	2	21260	0	26592	0	10872
9:140043520	["G","A"]	2.5110e+03	[]	synonymous_variant	ENST00000371561.3:c.630G>A	ENST00000371561.3:c.630G>A(p.%3D)	210	E	2.7150e+00	-5.6100e-01	3.0000e-04	7.1600e-01	1.4260e+01	9.5500e+00	664824	-2.1930e+00	6.0000e+01	1.4600e-01	8.6039e-01	[0.541256]	2	31402	2	21262	1	26594	0	10874
9:140043523	["G","A"]	1.4580e+03	[]	synonymous_variant	ENST00000371561.3:c.633G>A	ENST00000371561.3:c.633G>A(p.%3D)	211	A	1.3800e+00	3.0700e-01	4.0000e-04	2.7000e-01	1.6140e+01	1.1050e+01	661344	2.7900e+00	6.0000e+01	-5.9400e-01	9.6515e-01	[1.0]	3	31392	1	21252	3	26584	0	10868
9:140043539	["C","A"]	1.6546e+02	[]	synonymous_variant	ENST00000371561.3:c.649C>A	ENST00000371561.3:c.649C>A(p.%3D)	217	R	0.0000e+00	1.5200e-01	6.0000e-04	3.0400e-01	1.7580e+01	8.2700e+00	657541	2.5100e+00	6.0000e+01	3.8000e-01	9.5430e-01	[0.823803]	1	31400	1	21262	0	26592	0	10874
9:140051142	["A","C"]	4.9294e+03	[]	synonymous_variant	ENST00000371561.3:c.693A>C	ENST00000371561.3:c.693A>C(p.%3D)	231	V	2.4560e+00	-1.9200e-01	3.7000e-03	5.4500e-01	1.4840e+01	1.0760e+01	685864	2.1000e-02	6.0000e+01	-2.4600e-01	9.5913e-01	[1.0]	8	31394	7	21256	6	26586	0	10872
9:140051145	["C","T"]	2.1746e+02	[]	synonymous_variant	ENST00000371561.3:c.696C>T	ENST00000371561.3:c.696C>T(p.%3D)	232	Y	0.0000e+00	-1.8030e+00	1.2000e-03	9.5900e-01	1.2540e+01	6.8000e+00	681049	-1.8800e+00	6.0000e+01	1.4600e+00	7.9479e-01	[0.377086]	1	31396	1	21260	1	26590	1	10874
9:140051154	["C","G"]	3.6640e+02	[]	synonymous_variant	ENST00000371561.3:c.705C>G	ENST00000371561.3:c.705C>G(p.%3D)	235	A	5.5330e+00	2.1000e+00	1.4000e-03	8.8700e-01	1.3170e+01	6.3200e+00	683966	1.7100e+00	6.0000e+01	1.2000e+00	8.8678e-01	[0.503445]	1	31396	1	21264	1	26588	1	10876
9:140051154	["C","T"]	3.6640e+02	[]	synonymous_variant	ENST00000371561.3:c.705C>T	ENST00000371561.3:c.705C>T(p.%3D)	235	A	5.5330e+00	2.1000e+00	1.4000e-03	8.8700e-01	1.3170e+01	6.3200e+00	683966	1.7100e+00	6.0000e+01	1.2000e+00	3.5877e-01	[0.143307]	1	31396	1	21264	0	26588	0	10876
9:140051176	["T","G"]	2.9146e+02	[]	missense_variant	ENST00000371561.3:c.727T>G	ENSP00000360616.3:p.Ser243Ala	243	S/A	1.4550e+00	2.4900e-01	1.3000e-03	1.2900e+00	1.3600e+01	9.7200e+00	684126	1.2400e+00	6.0000e+01	1.9100e+00	9.6159e-01	[1.0]	1	31390	1	21254	1	26586	0	10870
9:140051196	["C","A"]	2.2640e+02	[]	synonymous_variant	ENST00000371561.3:c.747C>A	ENST00000371561.3:c.747C>A(p.%3D)	249	V	3.6280e+00	5.7300e-01	8.4000e-03	1.2000e+00	1.4940e+01	9.0600e+00	679678	3.2800e+00	6.0000e+01	1.4800e+00	8.5923e-01	[0.803619]	1	31392	1	21252	1	26586	1	10870
9:140051204	["G","T"]	2.4647e+02	[]	missense_variant	ENST00000371561.3:c.755G>T	ENSP00000360616.3:p.Arg252Leu	252	R/L	9.2850e+00	-4.6900e-01	1.3000e-03	-1.4100e-01	1.3200e+01	8.8000e+00	684084	-1.8470e+00	6.0000e+01	-5.3500e-01	8.4290e-01	[1.0]	1	31392	1	21254	1	26586	1	10870
9:140051211	["C","A"]	2.5146e+02	[]	synonymous_variant	ENST00000371561.3:c.762C>A	ENST00000371561.3:c.762C>A(p.%3D)	254	I	7.7910e+00	-8.8600e-01	1.0600e-02	7.0500e-01	1.2840e+01	7.6200e+00	687368	-1.6300e-01	6.0000e+01	1.0700e+00	7.3780e-01	[0.728332]	1	31394	0	21258	1	26590	0	10878
9:140051217	["G","C"]	1.6097e+04	[]	synonymous_variant	ENST00000371561.3:c.768G>C	ENST00000371561.3:c.768G>C(p.%3D)	256	G	1.7410e+00	2.9800e-01	4.3700e-02	5.0500e-01	1.6240e+01	1.2260e+01	688502	5.5600e-01	6.0000e+01	1.7400e-01	9.6665e-01	[1.0]	40	31404	39	21262	39	26598	20	10876
9:140051222	["C","A"]	3.3247e+02	[]	missense_variant	ENST00000371561.3:c.773C>A	ENSP00000360616.3:p.Ala258Asp	258	A/D	0.0000e+00	-8.6000e-02	9.0000e-04	5.0900e-01	1.7970e+01	9.7800e+00	687313	-1.7130e+00	6.0000e+01	-3.2400e-01	9.5479e-01	[0.864166]	1	31396	1	21260	0	26590	0	10874
9:140051238	["A","G"]	4.8061e+06	[]	synonymous_variant	ENST00000371561.3:c.789A>G	ENST00000371561.3:c.789A>G(p.%3D)	263	P	0.0000e+00	0.0000e+00	9.0600e-02	3.4000e-01	2.1350e+01	1.4570e+01	711679	-2.1620e+00	6.0000e+01	-2.4000e-02	9.7196e-01	[1.0]	7719	31354	5657	21222	6244	26556	2828	10850
9:140051340	["C","T"]	2.3246e+02	[]	synonymous_variant	ENST00000371561.3:c.819C>T	ENST00000371561.3:c.819C>T(p.%3D)	273	N	1.5070e+00	-1.0680e+00	5.0000e-04	5.4800e-01	1.3240e+01	9.6900e+00	681070	2.4000e+00	6.0000e+01	-4.3300e-01	8.0287e-01	[1.0]	1	31368	1	21236	1	26566	0	10858
9:140051366	["G","A"]	2.0447e+02	[]	missense_variant	ENST00000371561.3:c.845G>A	ENSP00000360616.3:p.Ser282Asn	282	S/N	1.8490e+00	1.1100e-01	1.0000e-04	7.0800e-01	1.3740e+01	8.8900e+00	679835	-1.8830e+00	6.0000e+01	-3.8900e-01	9.6690e-01	[1.0]	1	31382	0	21252	1	26576	0	10868
9:140051376	["G","A"]	5.3583e+06	[]	synonymous_variant	ENST00000371561.3:c.855G>A	ENST00000371561.3:c.855G>A(p.%3D)	285	V	0.0000e+00	-3.3000e-02	9.1600e-02	3.8000e-01	2.1440e+01	1.6400e+01	702651	8.3000e-01	6.0000e+01	-2.2000e-02	9.7196e-01	[1.0]	7721	31354	5664	21224	6241	26548	2827	10850
9:140051433	["G","A"]	6.0026e+03	[]	synonymous_variant	ENST00000371561.3:c.912G>A	ENST00000371561.3:c.912G>A(p.%3D)	304	P	5.2200e-01	-6.5000e-02	2.9000e-03	1.2200e-01	1.7420e+01	1.1180e+01	673655	1.2300e+00	6.0000e+01	-4.5200e-01	9.7072e-01	[1.0]	14	31372	8	21246	14	26570	8	10868
9:140052838	["A","G"]	3.7446e+02	[]	missense_variant	ENST00000371561.3:c.976A>G	ENSP00000360616.3:p.Met326Val	326	M/V	1.4850e+00	2.7100e-01	7.0000e-04	1.2600e+00	1.3460e+01	1.3870e+01	674584	2.2200e-01	6.0000e+01	-2.7100e-01	8.4737e-01	[0.442068]	1	31376	0	21242	1	26576	0	10868
9:140052867	["T","C"]	2.0820e+03	[]	synonymous_variant	ENST00000371561.3:c.1005T>C	ENST00000371561.3:c.1005T>C(p.%3D)	335	T	2.8450e+00	-1.6700e-01	0.0000e+00	5.4600e-01	1.4970e+01	8.5700e+00	663207	-2.1800e+00	6.0000e+01	0.0000e+00	8.8682e-01	[1.0]	6	31380	1	21246	6	26576	1	10868
9:140052872	["G","A"]	3.8446e+02	[]	missense_variant	ENST00000371561.3:c.1010G>A	ENSP00000360616.3:p.Arg337His	337	R/H	0.0000e+00	1.5000e+00	1.0000e-04	-7.9000e-02	1.2910e+01	1.4790e+01	658588	1.9200e+00	6.0000e+01	-2.3700e-01	8.8275e-01	[0.32694]	1	31378	0	21244	1	26576	0	10868
9:140052873	["C","A"]	3.3940e+02	[]	synonymous_variant	ENST00000371561.3:c.1011C>A	ENST00000371561.3:c.1011C>A(p.%3D)	337	R	0.0000e+00	5.3400e-01	5.0000e-04	2.1200e-01	1.3740e+01	5.5600e+00	658574	2.6700e+00	6.0000e+01	5.3100e-01	8.7009e-01	[0.296206]	1	31358	0	21226	1	26556	0	10856
9:140052906	["C","T"]	2.0570e+03	[]	synonymous_variant	ENST00000371561.3:c.1044C>T	ENST00000371561.3:c.1044C>T(p.%3D)	348	F	4.8700e-01	-1.8000e-02	-3.0000e-04	8.5400e-01	1.4730e+01	8.6400e+00	655859	2.4300e+00	6.0000e+01	-1.3600e-01	8.8886e-01	[1.0]	8	31372	5	21246	8	26570	3	10870
9:140052907	["G","T"]	4.9246e+02	[]	missense_variant	ENST00000371561.3:c.1045G>T	ENSP00000360616.3:p.Ala349Ser	349	A/S	1.3170e+00	-3.5600e-01	-1.0000e-04	-6.6500e-01	1.4620e+01	1.3310e+01	655751	1.1300e+00	6.0000e+01	3.5600e-01	6.8233e-01	[0.324009]	1	31378	1	21250	1	26572	1	10870
9:140052913	["T","C"]	4.5946e+02	[]	missense_variant	ENST00000371561.3:c.1051T>C	ENSP00000360616.3:p.Tyr351His	351	Y/H	0.0000e+00	1.3600e-01	-2.0000e-04	7.6300e-01	1.4120e+01	9.5700e+00	662020	6.3800e-01	6.0000e+01	1.1400e+00	8.8362e-01	[0.312327]	1	31358	1	21226	0	26554	0	10854
9:140052938	["G","A"]	2.6246e+02	[]	missense_variant	ENST00000371561.3:c.1076G>A	ENSP00000360616.3:p.Arg359His	359	R/H	1.3850e+00	-6.0000e-02	1.6000e-03	-1.0000e-01	1.4650e+01	8.4700e+00	654063	1.4000e-01	6.0000e+01	-6.0000e-02	9.0903e-01	[0.47313]	1	31368	1	21236	0	26566	0	10858
9:140053093	["G","A"]	1.8946e+02	[]	synonymous_variant	ENST00000371561.3:c.1134G>A	ENST00000371561.3:c.1134G>A(p.%3D)	378	K	3.8340e+00	-7.6900e-01	4.0000e-04	1.3200e+00	1.5280e+01	8.2400e+00	654586	1.0800e+00	6.0000e+01	-5.2300e-01	8.5979e-01	[1.0]	1	31358	1	21234	1	26562	1	10868
9:140053128	["G","A"]	2.5046e+02	[]	missense_variant	ENST00000371561.3:c.1169G>A	ENSP00000360616.3:p.Arg390Gln	390	R/Q	0.0000e+00	5.4000e-01	1.3000e-03	5.9100e-01	1.4920e+01	9.6300e+00	654398	2.7000e+00	6.0000e+01	-8.4900e-01	9.4467e-01	[0.845019]	1	31366	0	21238	1	26566	1	10864
9:140055516	["G","A"]	1.7946e+02	[]	synonymous_variant	ENST00000371561.3:c.1206G>A	ENST00000371561.3:c.1206G>A(p.%3D)	402	T	0.0000e+00	1.0200e+00	1.7000e-03	-2.6500e-01	1.3700e+01	8.9700e+00	656409	9.4500e-01	6.0000e+01	3.4000e-01	8.8018e-01	[1.0]	1	31386	1	21250	1	26580	1	10868
9:140055565	["A","G"]	1.5720e+03	[]	missense_variant	ENST00000371561.3:c.1255A>G	ENSP00000360616.3:p.Thr419Ala	419	T/A	1.0141e+01	-2.1100e-01	5.0000e-04	1.9700e+00	1.3650e+01	1.3440e+01	659561	1.8200e+00	6.0000e+01	2.1100e-01	9.2464e-01	[0.511376]	4	31372	4	21242	3	26564	2	10858
9:140055573	["G","A"]	6.8940e+02	[]	synonymous_variant	ENST00000371561.3:c.1263G>A	ENST00000371561.3:c.1263G>A(p.%3D)	421	K	2.3500e+00	2.7600e-01	8.0000e-04	1.0300e+00	1.4940e+01	1.2770e+01	659404	3.1000e-01	6.0000e+01	-4.7500e-01	8.9290e-01	[1.0]	1	31390	1	21260	1	26582	0	10872
9:140055595	["G","A"]	4.7346e+02	[]	missense_variant	ENST00000371561.3:c.1285G>A	ENSP00000360616.3:p.Asp429Asn	429	D/N	1.2350e+00	1.4200e-01	2.2000e-03	-6.1700e-01	1.3730e+01	1.3150e+01	649052	2.6400e+00	6.0000e+01	-2.3700e-01	9.0264e-01	[1.0]	1	31360	1	21242	1	26552	1	10858
9:140055612	["G","T"]	1.9060e+03	[]	synonymous_variant	ENST00000371561.3:c.1302G>T	ENST00000371561.3:c.1302G>T(p.%3D)	434	V	5.3530e+00	-3.8000e-02	4.4000e-03	-8.2100e-01	1.5070e+01	1.0890e+01	657535	1.2900e-01	6.0000e+01	-1.6720e+00	8.0967e-01	[1.0]	5	31382	4	21256	5	26574	4	10872
9:140055614	["T","A"]	3.0246e+02	[]	missense_variant	ENST00000371561.3:c.1304T>A	ENSP00000360616.3:p.Ile435Asn	435	I/N	1.3030e+00	-2.3900e-01	5.0000e-04	6.5700e-01	1.3720e+01	7.9600e+00	657583	-1.3740e+00	6.0000e+01	-4.1800e-01	8.2285e-01	[0.255875]	1	31336	1	21222	0	26532	0	10840
9:140055621	["C","T"]	3.6146e+02	[]	synonymous_variant	ENST00000371561.3:c.1311C>T	ENST00000371561.3:c.1311C>T(p.%3D)	437	T	1.0811e+01	-9.5100e-01	1.2000e-03	6.3400e-01	1.2880e+01	1.0040e+01	653829	1.5500e+00	6.0000e+01	6.9700e-01	2.9595e-01	[0.867939]	1	31362	1	21242	0	26554	0	10858
9:140055641	["C","T"]	2.1140e+03	[]	missense_variant	ENST00000371561.3:c.1331C>T	ENSP00000360616.3:p.Pro444Leu	444	P/L	1.6050e+00	-6.0100e-01	1.7000e-03	1.2800e+00	1.4610e+01	9.2700e+00	656942	1.8400e+00	6.0000e+01	6.3700e-01	9.4406e-01	[1.0]	8	31348	3	21236	8	26540	2	10850
9:140055647	["G","A"]	1.0747e+02	[]	missense_variant	ENST00000371561.3:c.1337G>A	ENSP00000360616.3:p.Ser446Asn	446	S/N	0.0000e+00	-1.9860e+00	8.6000e-03	2.1100e-01	1.1320e+01	5.6600e+00	664414	1.3100e+00	6.0000e+01	1.3100e+00	7.7293e-01	[0.359283]	1	31382	0	21258	1	26574	0	10870
9:140055649	["C","T"]	2.0247e+02	[]	missense_variant	ENST00000371561.3:c.1339C>T	ENSP00000360616.3:p.Pro447Ser	447	P/S	0.0000e+00	3.1000e-02	5.0000e-04	9.2000e-02	1.3830e+01	8.8000e+00	663045	1.2600e+00	6.0000e+01	4.6200e-01	9.7046e-01	[1.0]	1	31342	1	21232	1	26534	1	10846
9:140055783	["A","G"]	4.0247e+02	[]	missense_variant	ENST00000371561.3:c.1382A>G	ENSP00000360616.3:p.Asp461Gly	461	D/G	3.6220e+00	-8.8700e-01	6.0000e-04	-1.0790e+00	1.4120e+01	1.4370e+01	645165	-4.5500e-01	6.0000e+01	5.5100e-01	6.4316e-01	[0.184933]	1	31334	1	21228	1	26526	0	10850
9:140055841	["A","G"]	2.8047e+02	[]	synonymous_variant	ENST00000371561.3:c.1440A>G	ENST00000371561.3:c.1440A>G(p.%3D)	480	A	8.9100e-01	-7.4000e-02	1.1000e-03	4.1700e-01	1.4120e+01	9.0500e+00	637512	-2.2750e+00	6.0000e+01	-7.0600e-01	9.3032e-01	[0.7201]	1	31352	1	21236	0	26544	0	10850
9:140055859	["A","G"]	6.7240e+02	[]	synonymous_variant	ENST00000371561.3:c.1458A>G	ENST00000371561.3:c.1458A>G(p.%3D)	486	T	1.3510e+01	3.2200e-01	4.0000e-04	-8.8000e-02	1.3910e+01	1.0510e+01	616834	-8.8400e-01	6.0000e+01	7.9000e-01	8.4224e-01	[0.635828]	2	31342	0	21234	2	26534	0	10848
9:140056421	["C","T"]	8.4480e+03	[]	synonymous_variant	ENST00000371561.3:c.1513C>T	ENST00000371561.3:c.1513C>T(p.%3D)	505	L	4.0030e+00	-2.4100e-01	-4.0000e-04	5.8800e-01	1.6000e+01	1.0900e+01	647366	-9.4700e-01	6.0000e+01	-1.0900e-01	9.6452e-01	[1.0]	12	31358	11	21230	10	26554	4	10854
9:140056452	["C","T"]	3.2847e+02	[]	missense_variant	ENST00000371561.3:c.1544C>T	ENSP00000360616.3:p.Ala515Val	515	A/V	5.6490e+00	1.6200e+00	1.2700e-02	1.2400e-01	1.3450e+01	1.0950e+01	613295	2.8200e+00	6.0000e+01	-6.2200e-01	8.3011e-01	[1.0]	1	31318	0	21212	1	26514	0	10840
9:140056456	["G","A"]	5.9613e+04	[]	synonymous_variant	ENST00000371561.3:c.1548G>A	ENST00000371561.3:c.1548G>A(p.%3D)	516	P	5.2100e-01	0.0000e+00	1.4700e-02	3.4600e-01	1.8480e+01	1.1570e+01	614644	1.6100e+00	6.0000e+01	-5.8000e-02	9.7196e-01	[1.0]	172	31324	115	21216	164	26518	74	10844
9:140056483	["G","A"]	2.0047e+02	[]	synonymous_variant	ENST00000371561.3:c.1575G>A	ENST00000371561.3:c.1575G>A(p.%3D)	525	Q	0.0000e+00	-1.8130e+00	3.0000e-04	1.0200e+00	1.2910e+01	9.1100e+00	590269	1.6800e+00	6.0000e+01	4.9500e-01	8.4929e-01	[0.831812]	1	31286	0	21198	1	26488	0	10832
9:140056492	["G","A"]	4.7009e+04	[]	synonymous_variant	ENST00000371561.3:c.1584G>A	ENST00000371561.3:c.1584G>A(p.%3D)	528	E	1.8250e+00	2.3400e-01	1.9000e-02	3.6300e-01	1.6250e+01	1.1960e+01	596371	-2.5900e-01	6.0000e+01	0.0000e+00	9.7171e-01	[1.0]	148	31258	56	21182	148	26460	38	10830
9:140056633	["C","T"]	2.2547e+02	[]	missense_variant	ENST00000371561.3:c.1642C>T	ENSP00000360616.3:p.Arg548Trp	548	R/W	8.5680e+00	4.9000e-01	1.0000e-03	4.3900e-01	1.3550e+01	1.0740e+01	642463	7.7000e-02	6.0000e+01	4.3900e-01	6.5073e-01	[0.663624]	1	31330	1	21214	1	26528	0	10840
9:140056675	["C","T"]	1.8947e+02	[]	synonymous_variant	ENST00000371561.3:c.1684C>T	ENST00000371561.3:c.1684C>T(p.%3D)	562	L	7.4740e+00	-2.8600e-01	1.8000e-03	-3.6700e-01	1.3500e+01	9.9700e+00	642029	-4.4900e-01	6.0000e+01	-2.0400e-01	5.8157e-01	[1.0]	1	31370	1	21244	1	26566	0	10864
9:140056913	["G","C"]	2.3720e+04	[]	synonymous_variant	ENST00000371561.3:c.1809G>C	ENST00000371561.3:c.1809G>C(p.%3D)	603	L	1.0880e+00	2.4100e-01	2.6800e-02	4.2400e-01	1.7530e+01	1.2200e+01	639086	5.4900e-01	6.0000e+01	3.4000e-02	9.7196e-01	[1.0]	51	31370	17	21242	50	26562	17	10866
9:140057044	["C","A"]	5.3646e+02	[]	synonymous_variant	ENST00000371561.3:c.1866C>A	ENST00000371561.3:c.1866C>A(p.%3D)	622	G	1.3590e+00	-8.2300e-01	2.6000e-03	-6.9200e-01	1.4170e+01	1.4900e+01	656927	7.5700e-01	6.0000e+01	1.9800e-01	6.6519e-01	[0.132498]	1	31382	0	21250	1	26576	0	10866
9:140057064	["C","T"]	5.5646e+02	[]	missense_variant	ENST00000371561.3:c.1886C>T	ENSP00000360616.3:p.Ala629Val	629	A/V	7.3600e+00	5.3800e-01	3.2000e-03	-8.3600e-01	1.4280e+01	1.4640e+01	656111	2.8400e+00	6.0000e+01	-8.3600e-01	7.3639e-01	[0.255875]	1	31386	0	21250	1	26580	0	10864
9:140057173	["G","C"]	7.1510e+02	[]	synonymous_variant	ENST00000371561.3:c.1995G>C	ENST00000371561.3:c.1995G>C(p.%3D)	665	T	3.5240e+00	-6.9000e-01	8.0000e-04	-4.0600e-01	1.5410e+01	1.1720e+01	643622	4.1000e-02	6.0000e+01	-6.9500e-01	8.2774e-01	[0.83882]	3	31368	2	21238	3	26560	2	10850
9:140057333	["G","T"]	2.7360e+03	[]	synonymous_variant	ENST00000371561.3:c.2049G>T	ENST00000371561.3:c.2049G>T(p.%3D)	683	T	1.7490e+00	1.4500e-01	2.0000e-04	5.3400e-01	1.4220e+01	1.3680e+01	675836	2.9700e+00	6.0000e+01	-1.7000e-02	9.6987e-01	[1.0]	2	31398	1	21258	2	26590	1	10870
9:140057381	["G","C"]	1.9777e+03	[]	synonymous_variant	ENST00000371561.3:c.2097G>C	ENST00000371561.3:c.2097G>C(p.%3D)	699	L	1.7040e+00	3.8300e-01	1.0000e-04	6.7600e-01	1.4880e+01	1.0520e+01	675657	-5.4600e-01	6.0000e+01	5.0500e-01	9.6159e-01	[1.0]	5	31394	5	21260	2	26586	1	10872
9:140057651	["G","A"]	3.4446e+02	[]	synonymous_variant	ENST00000371561.3:c.2202G>A	ENST00000371561.3:c.2202G>A(p.%3D)	734	A	4.9470e+00	1.0200e-01	4.0000e-04	1.8600e+00	1.4470e+01	9.0600e+00	654345	4.4000e-02	6.0000e+01	1.0200e-01	8.6157e-01	[0.871415]	1	31376	1	21250	1	26574	0	10868
9:140057663	["C","T"]	2.5930e+03	[]	synonymous_variant	ENST00000371561.3:c.2214C>T	ENST00000371561.3:c.2214C>T(p.%3D)	738	F	1.2392e+01	-5.9700e-01	-2.0000e-04	8.1100e-01	1.4560e+01	1.1680e+01	653963	2.8500e+00	6.0000e+01	2.2200e-01	8.4470e-01	[1.0]	7	31362	3	21246	7	26558	1	10864
9:140057690	["G","C"]	2.9762e+05	[]	synonymous_variant	ENST00000371561.3:c.2241G>C	ENST00000371561.3:c.2241G>C(p.%3D)	747	V	5.2300e-01	-2.2000e-02	1.6400e-02	2.8800e-01	1.7090e+01	1.9040e+01	658464	6.2000e-02	6.0000e+01	-2.2000e-02	9.7196e-01	[1.0]	485	31366	184	21246	475	26562	124	10868
9:140057693	["G","C"]	2.9756e+05	[]	synonymous_variant	ENST00000371561.3:c.2244G>C	ENST00000371561.3:c.2244G>C(p.%3D)	748	T	5.2200e-01	-2.7000e-02	1.6500e-02	4.2000e-01	1.6990e+01	1.9080e+01	658325	1.9700e+00	6.0000e+01	-1.9000e-02	9.7196e-01	[1.0]	486	31362	184	21246	476	26556	124	10866
9:140057747	["C","T"]	1.7007e+03	[]	synonymous_variant	ENST00000371561.3:c.2298C>T	ENST00000371561.3:c.2298C>T(p.%3D)	766	S	4.4740e+00	-5.4000e-02	9.0000e-04	-1.3400e-01	1.6210e+01	1.0060e+01	652057	-1.2110e+00	6.0000e+01	4.1700e-01	9.6490e-01	[1.0]	4	31352	2	21234	4	26548	2	10856
9:140057777	["C","T"]	1.2350e+03	[]	synonymous_variant	ENST00000371561.3:c.2328C>T	ENST00000371561.3:c.2328C>T(p.%3D)	776	I	3.5340e+00	4.2000e-02	5.0000e-04	-4.2000e-02	1.5880e+01	1.1330e+01	649546	3.6000e-02	6.0000e+01	1.2700e-01	9.2769e-01	[0.663624]	5	31362	5	21242	4	26554	3	10862
9:140058023	["T","C"]	3.9646e+02	[]	synonymous_variant	ENST00000371561.3:c.2346T>C	ENST00000371561.3:c.2346T>C(p.%3D)	782	N	3.0530e+00	-3.1900e-01	3.7000e-03	5.0100e-01	1.4340e+01	1.0720e+01	657455	-3.1750e+00	6.0000e+01	4.6000e-02	8.2143e-01	[1.0]	1	31366	0	21238	1	26560	0	10860
9:140058029	["C","T"]	5.1340e+02	[]	synonymous_variant	ENST00000371561.3:c.2352C>T	ENST00000371561.3:c.2352C>T(p.%3D)	784	F	1.0190e+00	-3.2800e-01	4.0000e-04	0.0000e+00	1.3730e+01	8.8500e+00	658041	2.3600e+00	6.0000e+01	6.5700e-01	9.6405e-01	[1.0]	2	31384	1	21258	2	26576	1	10872
9:140058065	["G","C"]	6.2246e+02	[]	missense_variant	ENST00000371561.3:c.2388G>C	ENSP00000360616.3:p.Gln796His	796	Q/H	0.0000e+00	-4.7600e-01	1.3000e-03	1.0100e-01	-1.1430e+00	1.5960e+01	654423	-1.1980e+00	5.8590e+01	-8.5200e-01	8.4649e-01	[0.199591]	1	31394	0	21260	1	26588	0	10876
9:140058089	["C","G"]	5.2468e+03	[]	synonymous_variant	ENST00000371561.3:c.2412C>G	ENST00000371561.3:c.2412C>G(p.%3D)	804	A	0.0000e+00	-5.1000e-02	-4.0000e-04	-1.3300e-01	1.5440e+01	9.1900e+00	644197	-1.9420e+00	6.0000e+01	4.7500e-01	9.7072e-01	[1.0]	16	31376	5	21246	15	26572	2	10870
9:140058212	["G","A"]	4.6546e+02	[]	synonymous_variant	ENST00000371561.3:c.2445G>A	ENST00000371561.3:c.2445G>A(p.%3D)	815	G	1.3170e+00	-8.5100e-01	1.0000e-03	-1.1600e+00	1.3970e+01	1.2580e+01	669020	-6.9600e-01	6.0000e+01	1.3500e+00	6.5947e-01	[0.324009]	1	31388	1	21260	1	26580	1	10876
9:140058245	["C","T"]	3.4546e+02	[]	synonymous_variant	ENST00000371561.3:c.2478C>T	ENST00000371561.3:c.2478C>T(p.%3D)	826	A	0.0000e+00	-1.2060e+00	2.0000e-03	3.2900e-01	1.4420e+01	1.1910e+01	653259	2.9600e+00	6.0000e+01	1.0700e+00	8.4840e-01	[0.711071]	1	31398	1	21260	1	26590	0	10874
9:140058329	["C","T"]	2.9709e+02	[]	synonymous_variant	ENST00000371561.3:c.2562C>T	ENST00000371561.3:c.2562C>T(p.%3D)	854	A	1.0480e+00	-3.3000e-01	8.0000e-04	1.2500e+00	1.2700e+01	5.1200e+00	650844	5.9400e-01	6.0000e+01	-6.6000e-02	2.8420e-01	[0.480682]	2	31376	2	21242	2	26570	2	10862
9:140061868	["C","T"]	8.0347e+02	[]	synonymous_variant	ENST00000371561.3:c.2706C>T	ENST00000371561.3:c.2706C>T(p.%3D)	902	T	0.0000e+00	9.3900e-01	9.0000e-04	4.1200e-01	1.3520e+01	1.4350e+01	626913	4.6000e+00	6.0000e+01	8.2000e-02	9.1240e-01	[0.504404]	1	31286	0	21196	1	26498	0	10832
9:140061883	["C","T"]	1.2347e+02	[]	synonymous_variant	ENST00000371561.3:c.2721C>T	ENST00000371561.3:c.2721C>T(p.%3D)	907	G	1.9220e+00	-4.2400e-01	9.0000e-04	9.6400e-01	1.3260e+01	6.1700e+00	624854	2.6600e+00	6.0000e+01	-4.2400e-01	6.5480e-01	[0.503445]	1	31266	0	21184	1	26474	0	10818
9:140061961	["C","T"]	2.3550e+03	[]	synonymous_variant	ENST00000371561.3:c.2799C>T	ENST00000371561.3:c.2799C>T(p.%3D)	933	S	1.7440e+00	-2.2400e-01	1.4000e-03	3.2800e-01	1.6380e+01	1.1830e+01	640715	3.0600e-01	6.0000e+01	-1.1950e+00	9.6511e-01	[1.0]	4	31340	4	21226	4	26546	2	10854
